,adj,freq
0,fantastic,8
1,british,5
2,likely,60
3,french,8
4,difficult,140
5,france,3
6,capable,13
7,impressive,1
8,saw,70
9,new,844
10,high,184
11,turkish,18
12,tighter,6
13,military,66
14,supreme,3
15,discus,10
16,islamic,12
17,russian,54
18,first,528
19,half,61
20,nato,7
21,build,8
22,international,59
23,tougher,8
24,normal,61
25,belgian,2
26,maximum,5
27,terrorist,46
28,imminent,5
29,turkey,18
30,draw,8
31,last,898
32,due,42
33,economic,28
34,foreign,16
35,egypt,2
36,syrian,8
37,stretch,2
38,ready,89
39,incursion,1
40,memorial,25
41,malta,1
42,former,151
43,trash,1
44,organizer,1
45,smaller,15
46,china,2
47,united,178
48,biggest,34
49,total,54
50,double,13
51,upping,1
52,donohoe,1
53,read,33
54,valuable,3
55,sixth,3
56,straight,25
57,vladimir,2
58,much,637
59,retail,10
60,welcome,135
61,alix,1
62,theemployed,1
63,productive,2
64,stronger,23
65,mindful,1
66,prime,21
67,violent,30
68,third,51
69,many,834
70,user,3
71,standoff,3
72,san,29
73,right,593
74,downsized,1
75,le,36
76,retaliate,1
77,push,8
78,corporate,9
79,fbi,68
80,firmdent,1
81,different,271
82,extraordinary,31
83,nhl,4
84,national,133
85,major,101
86,la,372
87,allow,15
88,latest,442
89,popular,15
90,better,79
91,professional,11
92,next,352
93,paul,3
94,talked,17
95,able,347
96,organic,2
97,keen,3
98,interesting,43
99,sure,347
100,clear,174
101,global,28
102,creative,2
103,young,175
104,natural,7
105,inclusive,2
106,sexy,1
107,larger,17
108,wider,3
109,little,349
110,middle,62
111,wave,2
112,tech,15
113,ten,78
114,complete,72
115,honduras,1
116,internet,5
117,past,64
118,couple,82
119,whole,131
120,faking,1
121,recent,38
122,belize,2
123,real,112
124,hoax,2
125,elaborate,2
126,serious,71
127,painful,19
128,common,63
129,skin,12
130,redness,5
131,red,41
132,free,130
133,brian,40
134,update,169
135,special,142
136,exceptional,3
137,santa,124
138,male,146
139,local,432
140,bertha,5
141,tragic,193
142,elementary,588
143,lower,24
144,september,2
145,note,2
146,ubs,2
147,malonovich,2
148,bert,2
149,sandy,357
150,available,67
151,nbc,56
152,want,141
153,second,205
154,custody,2
155,aware,47
156,tdd,35
157,open,162
158,financial,32
159,fargo,3
160,dead,845
161,provide,4
162,shooter,89
163,active,350
164,good,573
165,ty,1
166,york,4
167,tanl,1
168,january,7
169,live,569
170,newtown,739
171,gunman,175
172,connecticut,159
173,charitable,2
174,poor,14
175,rich,15
176,send,7
177,tragedy,49
178,quick,61
179,top,146
180,mary,57
181,ellen,2
182,search,17
183,mentioned,5
184,relative,16
185,hear,271
186,sadness,7
187,youngest,11
188,sorry,36
189,white,447
190,eastern,122
191,address,24
192,small,201
193,give,103
194,elmin,1
195,big,228
196,enormous,24
197,know,205
198,suspect,291
199,ryan,46
200,old,160
201,guy,35
202,official,27
203,governor,24
204,lockdown,56
205,precautionary,7
206,rare,6
207,horrible,119
208,bottom,21
209,giant,7
210,late,29
211,tough,58
212,future,37
213,earlier,88
214,least,398
215,imagine,32
216,heroic,3
217,franzen,14
218,updated,23
219,worked,8
220,deceased,8
221,meaningful,43
222,hard,111
223,best,145
224,bless,8
225,personal,58
226,wonder,5
227,scottrade,2
228,fatal,40
229,meet,8
230,nearby,44
231,initial,80
232,worst,199
233,possible,172
234,hill,3
235,congresswoman,22
236,washington,13
237,fiscal,5
238,concome,1
239,low,39
240,flattens,1
241,technical,14
242,tactical,33
243,great,222
244,true,62
245,broad,3
246,concept,1
247,gun,171
248,video,45
249,awful,68
250,several,255
251,various,33
252,attack,19
253,related,22
254,sleep,72
255,magical,8
256,innovative,5
257,adjustable,7
258,pillow,4
259,happen,71
260,reagan,1
261,industrial,10
262,average,20
263,slow,6
264,heel,1
265,maria,1
266,senseless,34
267,horrific,190
268,bull,5
269,tonight,96
270,express,13
271,terrible,169
272,ski,2
273,modern,76
274,lap,1
275,alley,3
276,fed,2
277,cautious,6
278,southern,96
279,angry,28
280,perfect,15
281,european,11
282,glass,1
283,strong,95
284,higher,52
285,greek,4
286,central,16
287,potential,46
288,fired,17
289,skanska,1
290,shanghai,2
291,composite,3
292,chinese,17
293,pull,22
294,continued,4
295,short,134
296,lead,21
297,follow,43
298,safe,197
299,mean,34
300,unexpected,4
301,activist,1
302,black,343
303,chicago,19
304,keep,21
305,worldwide,4
306,monday,17
307,deescalate,1
308,full,68
309,jeff,1
310,west,63
311,moderate,6
312,particular,89
313,greater,29
314,undiplomatic,3
315,restrict,1
316,joint,7
317,positive,22
318,urd,1
319,apologize,1
320,isi,2
321,francois,2
322,magnificent,12
323,civil,58
324,lot,68
325,finish,11
326,derivative,1
327,federal,166
328,adam,71
329,uk,2
330,canada,2
331,massive,62
332,teenager,2
333,anna,9
334,reece,3
335,protest,5
336,disappointing,1
337,civilian,26
338,whilst,1
339,tat,1
340,proper,18
341,general,71
342,sue,1
343,rush,9
344,severe,10
345,outside,105
346,north,167
347,familiar,44
348,soft,27
349,thinkbiggest,1
350,hillary,96
351,republican,34
352,stunning,2
353,clean,15
354,thrown,4
355,democratic,21
356,back,8
357,progress,1
358,continue,37
359,routine,11
360,dolphin,8
361,come,67
362,tasty,2
363,permanent,2
364,nonstarter,1
365,unconstitutional,1
366,fine,14
367,similar,42
368,bad,74
369,nick,31
370,pick,13
371,contribute,5
372,freshman,1
373,wrong,44
374,struggle,5
375,competitive,1
376,mercy,1
377,certain,46
378,played,5
379,stop,47
380,newton,3
381,southwestern,21
382,police,214
383,happier,5
384,cnn,40
385,scene,33
386,unconfirmed,13
387,preventive,2
388,public,148
389,early,155
390,private,22
391,accused,10
392,brown,25
393,reopen,4
394,reward,1
395,virginia,33
396,awry,1
397,website,13
398,yellow,8
399,easy,52
400,bubble,2
401,close,120
402,abc,18
403,large,151
404,dampen,2
405,dry,14
406,absorbent,2
407,beautiful,43
408,peaceful,21
409,playful,2
410,injured,228
411,enough,50
412,strict,2
413,evacuate,6
414,collect,10
415,unclear,30
416,b,1
417,gotten,8
418,current,24
419,notable,1
420,beam,2
421,furious,13
422,point,15
423,understand,59
424,dip,2
425,trauma,9
426,knew,16
427,worried,12
428,else,12
429,think,10
430,heavy,14
431,assist,6
432,prilosec,2
433,sad,81
434,additional,49
435,towards,2
436,shot,222
437,crown,6
438,center,16
439,staging,3
440,informal,7
441,element,4
442,ree,1
443,ashleigh,10
444,unknown,29
445,bloody,7
446,appeared,3
447,entire,115
448,bring,47
449,desk,2
450,fourth,76
451,text,14
452,multiple,155
453,heard,89
454,armed,33
455,make,33
456,remarkable,30
457,left,27
458,stable,12
459,aerial,2
460,sister,13
461,nightmare,5
462,friday,48
463,step,2
464,numerous,42
465,gunshot,37
466,wooded,1
467,described,20
468,cammo,1
469,determine,4
470,exact,26
471,responsible,41
472,robert,16
473,happy,50
474,geico,4
475,fifteen,9
476,powerful,30
477,decongestant,7
478,crabfest,1
479,hurry,1
480,savory,2
481,garlic,3
482,female,52
483,call,109
484,amazing,34
485,wake,2
486,wide,23
487,shed,3
488,lieutenant,62
489,long,180
490,save,13
491,nooin,1
492,terrified,4
493,tale,1
494,unimaginable,16
495,girl,7
496,child,29
497,lltary,2
498,regular,62
499,learning,2
500,simultaneous,3
501,basic,16
502,susan,43
503,candiotti,3
504,mobile,33
505,grown,4
506,click,4
507,liquid,7
508,fast,26
509,learn,59
510,listen,57
511,wait,7
512,p,4
513,ifif,2
514,superintendent,15
515,ominous,3
516,worse,55
517,jay,7
518,fire,71
519,secure,18
520,probiotic,4
521,digestive,4
522,shooting,115
523,cbs,3
524,quiet,59
525,final,35
526,length,7
527,hallway,6
528,unbelievable,26
529,headed,1
530,dark,30
531,strange,17
532,story,2
533,specific,53
534,answer,56
535,go,18
536,mixed,16
537,gift,2
538,neighboring,8
539,table,16
540,alert,14
541,injury,2
542,principal,62
543,take,33
544,automated,4
545,nearest,3
546,nupz,1
547,leg,4
548,riverside,1
549,filled,4
550,maureen,1
551,nurse,2
552,escorted,6
553,receive,21
554,main,47
555,involved,35
556,heinous,33
557,side,36
558,look,9
559,learned,7
560,digital,5
561,parent,1
562,parental,1
563,crisco,1
564,investigate,7
565,tearful,5
566,marched,2
567,handle,14
568,unanswered,5
569,nice,31
570,powered,8
571,accomplice,1
572,hall,8
573,cowhered,1
574,console,7
575,eric,30
576,fellow,33
577,suicide,3
578,american,222
579,homeland,3
580,snow,14
581,dannel,1
582,incident,72
583,unfamiliar,2
584,david,4
585,informed,10
586,lanza,16
587,unfolded,27
588,wolf,23
589,dramatic,22
590,chief,108
591,preliminary,10
592,sick,15
593,individual,204
594,hoboken,9
595,stamp,1
596,medical,155
597,brief,14
598,sir,14
599,inaudible,38
600,secondary,19
601,mutual,53
602,core,1
603,lanzas,1
604,social,64
605,daughter,6
606,theological,1
607,hug,8
608,god,33
609,deal,8
610,dealt,6
611,unified,12
612,sympathy,7
613,unfathomable,14
614,throw,1
615,incredible,46
616,nature,4
617,vivid,4
618,told,64
619,father,14
620,hold,21
621,sat,10
622,alive,66
623,vulnerable,8
624,adequate,1
625,killed,15
626,confirm,6
627,sleepy,3
628,deadliest,179
629,horrendous,28
630,amish,1
631,suspected,15
632,athis,1
633,firmer,1
634,spoken,12
635,anxious,5
636,inaccurate,4
637,sudden,26
638,shock,5
639,precise,13
640,temple,21
641,aurora,59
642,absent,4
643,teary,1
644,eyed,1
645,ordered,3
646,seem,4
647,cowered,1
648,pretty,20
649,warm,9
650,personable,2
651,comfortable,6
652,wildest,1
653,surviving,1
654,hurried,1
655,satisfied,5
656,speak,46
657,unifying,1
658,prior,18
659,heal,7
660,emotional,79
661,inconsolable,1
662,convey,7
663,light,46
664,tiny,11
665,crazy,13
666,automatic,126
667,lima,6
668,roman,3
669,catholic,6
670,residential,8
671,prepare,5
672,healthy,16
673,aveeno,1
674,treated,13
675,east,52
676,huge,57
677,developed,3
678,complicated,4
679,unfolding,21
680,troubled,14
681,river,2
682,mother,4
683,older,38
684,touch,23
685,boy,4
686,dive,1
687,degree,9
688,nancy,6
689,end,31
690,human,38
691,infinite,6
692,schoolyard,2
693,impact,30
694,traumatic,19
695,die,13
696,representative,9
697,dan,23
698,important,201
699,arrival,4
700,conflicted,1
701,detailed,3
702,wish,20
703,expedite,1
704,trooper,5
705,constant,10
706,lady,17
707,flag,14
708,remind,2
709,victim,14
710,tremendous,25
711,actual,34
712,tentative,5
713,investigative,20
714,physical,5
715,acknowledge,1
716,appropriate,14
717,start,29
718,typical,8
719,robo,4
720,arrive,6
721,hidden,5
722,inside,32
723,delivering,2
724,associated,15
725,tense,13
726,denial,3
727,plenty,6
728,wrap,7
729,careful,26
730,intent,7
731,primary,14
732,ask,52
733,sensitive,5
734,overwhelming,18
735,fulfill,12
736,broken,34
737,dangerous,51
738,calm,21
739,control,3
740,wounded,13
741,motive,106
742,identified,7
743,guilty,35
744,spree,86
745,michael,10
746,presidential,32
747,metropolitan,44
748,win,4
749,upstate,19
750,aleena,1
751,cho,1
752,elect,2
753,utica,1
754,bit,13
755,encouraging,1
756,respect,5
757,herkimer,1
758,caught,7
759,kaye,1
760,tried,29
761,solicit,5
762,intuitive,2
763,texas,8
764,justified,5
765,florida,11
766,scam,3
767,pivotal,4
768,pretrial,7
769,noah,1
770,clinic,32
771,alex,32
772,ongoing,18
773,interstate,6
774,shut,7
775,used,11
776,threw,1
777,drive,27
778,laptop,1
779,monica,75
780,secret,26
781,cover,19
782,hot,24
783,occasional,2
784,tapper,4
785,los,31
786,mere,7
787,bus,2
788,okay,31
789,angeles,2
790,allied,7
791,clover,2
792,olympic,5
793,picture,4
794,twitter,5
795,campus,26
796,library,53
797,witness,26
798,longer,28
799,understood,3
800,arrest,11
801,jake,7
802,twist,2
803,variable,1
804,extra,27
805,cleveria,1
806,lapd,1
807,corner,2
808,bear,5
809,peco,9
810,find,20
811,found,3
812,attend,5
813,sergeant,11
814,stress,6
815,inspected,1
816,notorious,3
817,seerrial,1
818,sixteen,5
819,june,9
820,snotty,1
821,download,2
822,app,8
823,screen,15
824,pacific,14
825,thank,98
826,affiliate,4
827,kcal,9
828,ultimate,14
829,thought,21
830,bizarre,2
831,lethal,6
832,hi,6
833,largest,43
834,key,42
835,burned,1
836,cheese,4
837,distinct,4
838,semiautomatic,48
839,rapid,17
840,necessary,23
841,california,9
842,fluid,12
843,ucla,20
844,dale,2
845,critical,110
846,crest,2
847,cleaner,1
848,shortstop,1
849,sky,4
850,fly,8
851,kabc,1
852,type,48
853,camel,1
854,hump,1
855,unconnected,3
856,controversial,12
857,meantime,5
858,separate,50
859,blue,30
860,unharmed,2
861,palm,1
862,minor,16
863,populated,7
864,eliminate,4
865,shelter,18
866,stay,31
867,worth,11
868,intellectual,2
869,aboard,2
870,political,98
871,dressed,10
872,unusual,22
873,physician,3
874,deadly,32
875,drill,3
876,hospital,37
877,treat,5
878,un,5
879,deux,2
880,quatre,2
881,athletic,2
882,seductive,2
883,vous,2
884,larry,4
885,frequent,12
886,bell,4
887,unrelated,3
888,overhead,2
889,chaotic,26
890,avoid,11
891,chopper,5
892,whast,2
893,interested,15
894,uniform,3
895,rossen,1
896,geared,1
897,ann,3
898,citi,4
899,easier,22
900,standard,16
901,wash,3
902,fortunate,3
903,felonious,1
904,criminal,37
905,eligible,9
906,morgan,8
907,rial,3
908,rest,14
909,unlawful,2
910,insight,9
911,shocked,7
912,spent,16
913,closer,11
914,coincidental,2
915,motorcade,1
916,curious,10
917,unfortunate,14
918,glad,27
919,pearl,3
920,span,1
921,suspicious,16
922,busy,26
923,western,13
924,sound,27
925,listed,2
926,sold,2
927,blade,1
928,briefly,4
929,bigger,15
930,tall,9
931,overall,6
932,replenish,1
933,blood,4
934,disease,1
935,pregnant,12
936,tired,3
937,upper,17
938,urine,1
939,adjacent,24
940,smc,6
941,wonderful,25
942,interrelated,1
943,behalf,7
944,al,17
945,online,13
946,administrative,9
947,favorite,9
948,miguel,8
949,taking,2
950,psychological,20
951,operational,7
952,subsequent,3
953,fair,14
954,turn,11
955,spanish,11
956,culminated,1
957,solo,5
958,subject,23
959,connect,8
960,convinced,9
961,multidisciplinary,2
962,meaning,1
963,liberal,2
964,entered,4
965,boston,7
966,significant,38
967,hope,2
968,hotline,3
969,guest,13
970,lhead,1
971,ballistic,10
972,crucial,9
973,decide,1
974,repeat,1
975,tuesday,7
976,warn,3
977,pattern,15
978,anger,4
979,pivot,2
980,front,84
981,loose,17
982,aggressive,9
983,surf,2
984,amongst,2
985,miami,2
986,transracial,1
987,diabetic,24
988,sharp,3
989,roof,13
990,trump,8
991,fat,1
992,upset,5
993,abnormal,4
994,immediate,51
995,viagra,5
996,mortal,2
997,south,430
998,lobster,3
999,jumbo,3
1000,fifth,11
1001,colorado,80
1002,nailed,3
1003,journal,2
1004,african,37
1005,spry,1
1006,crowd,31
1007,trident,1
1008,trade,1
1009,youth,1
1010,granite,1
1011,show,3
1012,alternative,3
1013,keilar,4
1014,lawful,3
1015,disappointed,8
1016,focused,10
1017,thursday,15
1018,leiutenant,5
1019,seneca,3
1020,detective,7
1021,carolina,164
1022,atlanta,5
1023,teen,10
1024,unlimited,10
1025,trajectory,1
1026,agree,18
1027,struck,4
1028,blame,3
1029,helpful,17
1030,miss,15
1031,mattress,7
1032,grassroots,2
1033,emanuel,52
1034,unarmed,8
1035,opened,5
1036,richard,5
1037,quest,1
1038,checklist,1
1039,definitive,14
1040,need,28
1041,iowa,2
1042,endorsement,5
1043,longtime,2
1044,historic,107
1045,reasonable,9
1046,cedric,4
1047,grand,9
1048,run,5
1049,veteran,4
1050,drink,1
1051,unbridled,1
1052,present,13
1053,restaurant,4
1054,corroborate,1
1055,blown,1
1056,objective,2
1057,midnight,2
1058,rival,3
1059,defiant,1
1060,formal,1
1061,context,4
1062,dare,1
1063,place,9
1064,loved,28
1065,sunday,33
1066,sophisticated,3
1067,paris,5
1068,angela,2
1069,russia,2
1070,raw,8
1071,uncommon,4
1072,defensible,1
1073,somebody,5
1074,fall,2
1075,dash,1
1076,tysean,5
1077,lured,4
1078,smile,1
1079,laquan,43
1080,blimp,1
1081,racial,10
1082,direct,21
1083,survive,14
1084,iranian,4
1085,rescue,6
1086,revolutionary,3
1087,northern,13
1088,vast,5
1089,scrutinized,1
1090,judgment,1
1091,politic,1
1092,unrest,6
1093,shiite,1
1094,protect,28
1095,flood,2
1096,matter,10
1097,legal,47
1098,practical,2
1099,gardensteen,1
1100,qaeda,1
1101,corey,1
1102,lee,4
1103,reliable,4
1104,fewer,5
1105,green,18
1106,diagnostic,1
1107,mile,23
1108,lent,1
1109,cooler,2
1110,disrupt,5
1111,request,5
1112,aarp,5
1113,medicare,4
1114,offensive,4
1115,act,68
1116,betrayal,1
1117,grow,3
1118,mcdonald,2
1119,cold,34
1120,sign,8
1121,appear,11
1122,erdogan,2
1123,alignment,2
1124,effective,8
1125,s,1
1126,jim,1
1127,strip,42
1128,centennial,20
1129,original,16
1130,got,10
1131,investigationiveve,1
1132,neutralize,5
1133,brigitte,2
1134,handed,1
1135,quote,1
1136,view,2
1137,surrounded,6
1138,usual,12
1139,near,14
1140,fake,4
1141,august,5
1142,tom,23
1143,planned,47
1144,google,5
1145,create,3
1146,contact,14
1147,advantageous,2
1148,occur,3
1149,unfold,34
1150,consider,3
1151,barricade,3
1152,wolfe,1
1153,prepared,24
1154,transparent,2
1155,atf,9
1156,like,9
1157,quite,14
1158,grocery,2
1159,snowy,2
1160,command,3
1161,medicarecomplete,1
1162,piece,5
1163,resident,2
1164,innocent,70
1165,pinrose,1
1166,targeted,10
1167,trained,5
1168,brooke,10
1169,process,12
1170,confront,4
1171,release,5
1172,ear,2
1173,oh,8
1174,deep,33
1175,portable,1
1176,funded,1
1177,lah,4
1178,happened,6
1179,get,12
1180,michigan,26
1181,released,8
1182,perspective,20
1183,nail,4
1184,sheltering,1
1185,page,2
1186,roderick,1
1187,weigh,5
1188,triage,10
1189,chase,30
1190,asked,6
1191,street,4
1192,begin,9
1193,denise,2
1194,outdoor,61
1195,liberty,23
1196,berman,9
1197,geographic,1
1198,joined,29
1199,harry,1
1200,brianna,5
1201,john,54
1202,assailant,6
1203,cop,6
1204,exchanging,1
1205,relocated,1
1206,sense,8
1207,eye,3
1208,defensive,3
1209,pistol,2
1210,fraternal,7
1211,lunch,1
1212,tweeted,3
1213,lay,9
1214,dependent,1
1215,echo,1
1216,fill,7
1217,considerable,3
1218,spontaneous,2
1219,preplanned,2
1220,change,3
1221,random,37
1222,centered,4
1223,partialry,4
1224,indicative,4
1225,barbaric,6
1226,legitimate,7
1227,mental,94
1228,level,13
1229,psychotic,11
1230,gather,6
1231,fearful,5
1232,regional,13
1233,poisonous,7
1234,domestic,65
1235,leap,3
1236,sort,18
1237,nightfall,1
1238,premature,1
1239,seek,24
1240,elderly,2
1241,wrapped,1
1242,compact,6
1243,stipulate,2
1244,unsure,6
1245,chris,26
1246,limited,20
1247,updating,1
1248,japanese,7
1249,patient,2
1250,try,11
1251,unpredictable,2
1252,concerned,34
1253,describe,17
1254,super,18
1255,evil,38
1256,shoot,30
1257,friend,14
1258,supportive,2
1259,unable,21
1260,window,26
1261,understanding,11
1262,fatigue,1
1263,swat,5
1264,origin,1
1265,transported,7
1266,tick,2
1267,horn,2
1268,beautyrest,8
1269,posturepedic,1
1270,speculate,3
1271,ammunition,2
1272,h,2
1273,suffolk,1
1274,stabilize,2
1275,explosive,29
1276,check,1
1277,brought,12
1278,iin,1
1279,utilize,2
1280,appreciate,46
1281,sniper,13
1282,engaging,1
1283,previous,13
1284,hostage,2
1285,hammer,6
1286,feyerick,2
1287,stopd,1
1288,forward,3
1289,cruz,4
1290,nikki,8
1291,forgive,8
1292,unify,4
1293,donald,12
1294,steve,33
1295,exclusive,16
1296,van,9
1297,choose,4
1298,twin,4
1299,mess,1
1300,sexual,2
1301,andrea,10
1302,jean,10
1303,parliament,1
1304,nevada,59
1305,parole,11
1306,nicole,12
1307,simpson,14
1308,drab,2
1309,gray,31
1310,greenest,2
1311,affluent,5
1312,highest,16
1313,illegal,16
1314,prison,2
1315,n,26
1316,lovelock,2
1317,correctional,7
1318,expected,3
1319,emmy,1
1320,infamous,5
1321,plate,1
1322,suv,7
1323,vega,324
1324,upbeat,2
1325,gate,4
1326,idle,2
1327,perform,2
1328,militia,2
1329,spend,4
1330,wealthy,6
1331,inhabited,1
1332,inventory,1
1333,wanted,24
1334,uphold,1
1335,move,2
1336,interpret,1
1337,fox,146
1338,ly,2
1339,arthel,3
1340,worry,6
1341,everest,1
1342,sca,1
1343,dime,1
1344,outfit,1
1345,eighteen,1
1346,overseas,8
1347,interrupt,7
1348,lined,4
1349,elvis,1
1350,solid,1
1351,decent,5
1352,diaper,1
1353,bese,2
1354,arizona,4
1355,travis,1
1356,preferred,2
1357,afraid,21
1358,extinct,2
1359,pratt,2
1360,prank,3
1361,viral,3
1362,handsome,2
1363,ptsd,2
1364,lone,11
1365,write,2
1366,bernanke,1
1367,medicine,1
1368,fish,11
1369,arranged,1
1370,hello,2
1371,cool,7
1372,everyday,15
1373,dna,2
1374,conventional,4
1375,reverend,5
1376,flat,4
1377,garbage,1
1378,unjustified,1
1379,retired,7
1380,harsh,3
1381,blessed,3
1382,combine,3
1383,successful,18
1384,,7
1385,bob,6
1386,affordable,3
1387,testimony,5
1388,bailey,3
1389,purpose,3
1390,phil,1
1391,liable,3
1392,apartment,5
1393,standing,1
1394,detail,4
1395,divided,1
1396,juan,7
1397,kindergarten,20
1398,grade,6
1399,preventative,3
1400,factual,1
1401,newsroom,2
1402,scary,5
1403,ihe,2
1404,connected,6
1405,minute,14
1406,changed,1
1407,breaking,15
1408,extent,11
1409,insure,2
1410,enforce,2
1411,uav,1
1412,vegetable,3
1413,transpired,7
1414,editorial,2
1415,unnamed,4
1416,pinpoint,1
1417,fatality,2
1418,voluntary,3
1419,essential,4
1420,proven,2
1421,clearer,8
1422,rv,1
1423,etanercept,1
1424,immune,3
1425,fight,9
1426,nervous,4
1427,enbrel,1
1428,fungal,3
1429,uncon,1
1430,reddish,1
1431,reunited,5
1432,plan,3
1433,catastrophic,1
1434,indication,3
1435,wnyw,1
1436,um,3
1437,fascinating,2
1438,kin,4
1439,respectful,6
1440,eyewitness,14
1441,lye,2
1442,notice,5
1443,swept,1
1444,handful,3
1445,transformed,2
1446,garten,2
1447,cleared,5
1448,timetable,2
1449,realized,1
1450,bowden,2
1451,gosh,3
1452,portobello,1
1453,x,1
1454,unstuff,1
1455,recreational,1
1456,lisa,3
1457,daily,19
1458,jon,6
1459,scan,6
1460,precious,1
1461,figure,5
1462,oval,9
1463,enter,6
1464,megyn,1
1465,fairfield,6
1466,purple,1
1467,attempted,1
1468,oregon,1
1469,townwide,1
1470,invite,1
1471,creamy,5
1472,gravy,1
1473,locate,14
1474,semi,8
1475,monstrous,3
1476,upscale,1
1477,visual,1
1478,captured,5
1479,inclined,1
1480,rick,3
1481,continuing,14
1482,torn,7
1483,safest,7
1484,correct,12
1485,question,5
1486,reluctant,1
1487,watch,8
1488,armor,2
1489,ancillary,2
1490,reunite,2
1491,unavoidable,1
1492,spoke,12
1493,regardless,8
1494,lost,4
1495,subway,1
1496,geography,1
1497,southwest,1
1498,ripple,2
1499,see,22
1500,lengthy,3
1501,mass,13
1502,suburban,4
1503,leventhal,1
1504,timeline,3
1505,lock,9
1506,nonlife,2
1507,threatening,1
1508,polytechnic,1
1509,single,48
1510,nokia,1
1511,data,1
1512,hourly,2
1513,disturbed,14
1514,twisted,1
1515,weddin,1
1516,bret,6
1517,baier,2
1518,partisan,1
1519,unimportant,1
1520,pl,1
1521,image,3
1522,america,25
1523,april,3
1524,anykinde,1
1525,gratitude,2
1526,senior,36
1527,sorrow,3
1528,christmas,5
1529,steady,3
1530,cafe,2
1531,struggled,1
1532,brady,3
1533,strictest,1
1534,gravitate,1
1535,gruesome,7
1536,homicide,4
1537,aed,2
1538,peaked,1
1539,herculean,1
1540,evident,6
1541,honor,8
1542,amplified,1
1543,instant,6
1544,become,11
1545,spark,1
1546,leave,8
1547,panic,8
1548,urban,7
1549,belong,7
1550,statistic,10
1551,proud,18
1552,suspended,2
1553,rob,2
1554,fictional,2
1555,bunch,11
1556,net,7
1557,famous,15
1558,mohawk,2
1559,wednesday,52
1560,expert,11
1561,rampage,8
1562,mo,3
1563,list,2
1564,commit,1
1565,honest,11
1566,gill,1
1567,engagement,2
1568,directive,1
1569,jacqueline,3
1570,summary,4
1571,array,2
1572,municipal,4
1573,sake,2
1574,murder,6
1575,progressive,4
1576,pico,8
1577,e,3
1578,thankful,18
1579,microphone,1
1580,avalos,3
1581,handgun,4
1582,fundraiser,1
1583,airport,2
1584,apparent,9
1585,multijurisdictional,1
1586,odd,10
1587,consecutive,5
1588,agent,4
1589,static,3
1590,dominic,5
1591,blank,1
1592,junior,3
1593,tropical,3
1594,stick,10
1595,triple,2
1596,martin,2
1597,prevent,12
1598,travon,1
1599,upgrade,8
1600,antiquated,1
1601,stuff,12
1602,obama,6
1603,sketchy,1
1604,vetted,1
1605,ordinary,33
1606,alluded,1
1607,kentucky,4
1608,cute,1
1609,classified,2
1610,actor,1
1611,email,1
1612,tony,2
1613,albuquerque,2
1614,med,3
1615,par,1
1616,euric,1
1617,gold,1
1618,brave,1
1619,stew,1
1620,german,4
1621,leonardo,1
1622,nominated,1
1623,desperate,6
1624,windy,1
1625,dent,1
1626,busiest,1
1627,isolated,3
1628,gentleman,5
1629,accurate,11
1630,emphasize,2
1631,parenthood,4
1632,harris,16
1633,shepard,2
1634,farther,2
1635,nexium,2
1636,krdo,2
1637,mike,2
1638,coast,2
1639,humble,4
1640,extensive,10
1641,unstoppable,2
1642,press,9
1643,cordoned,4
1644,mountainous,1
1645,baa,1
1646,chest,3
1647,uninjured,2
1648,complex,15
1649,ton,2
1650,interrupted,2
1651,perimeter,2
1652,absolute,12
1653,wild,4
1654,neil,10
1655,aen,2
1656,identify,14
1657,door,12
1658,locked,4
1659,probable,2
1660,vicious,8
1661,gear,4
1662,moat,2
1663,dispatcher,1
1664,lookup,1
1665,schematic,1
1666,tcf,2
1667,contained,1
1668,patrolman,2
1669,chev,1
1670,snuck,4
1671,square,9
1672,firepower,1
1673,elite,4
1674,inflame,2
1675,faster,1
1676,owl,3
1677,uc,25
1678,catherine,2
1679,motivation,2
1680,tip,6
1681,jordan,1
1682,thin,8
1683,nypd,2
1684,earliest,2
1685,forth,12
1686,consistent,21
1687,armored,6
1688,ambulance,3
1689,morepotential,1
1690,install,1
1691,naval,1
1692,support,3
1693,pathic,1
1694,believe,6
1695,doug,1
1696,telegraph,2
1697,credible,5
1698,rushed,2
1699,background,9
1700,bullet,2
1701,intel,1
1702,excellent,8
1703,pinned,1
1704,instinct,2
1705,gut,2
1706,kimberly,4
1707,obvious,13
1708,tie,1
1709,weight,4
1710,topic,2
1711,ohio,9
1712,fous,1
1713,matt,5
1714,instrumental,4
1715,steven,24
1716,nursing,3
1717,thomas,10
1718,outcome,2
1719,vr,3
1720,use,3
1721,logic,1
1722,salute,3
1723,lifeline,1
1724,lift,6
1725,pennsylvania,1
1726,wherein,1
1727,freeman,2
1728,overused,1
1729,reintegrate,1
1730,gentle,5
1731,overnight,67
1732,commercial,2
1733,reno,1
1734,maritime,1
1735,honorary,1
1736,relief,2
1737,despicable,2
1738,robbery,4
1739,inmate,1
1740,known,7
1741,botched,1
1742,received,2
1743,acquittal,2
1744,scud,3
1745,weapon,5
1746,firearm,2
1747,meteorologist,1
1748,facebook,1
1749,racist,2
1750,satellite,2
1751,appointment,1
1752,superior,3
1753,jewish,17
1754,outdated,1
1755,insensitive,1
1756,assume,3
1757,emergent,1
1758,substantial,2
1759,surprised,8
1760,deadline,1
1761,sending,3
1762,refurbish,1
1763,maze,1
1764,senate,15
1765,marsha,1
1766,report,6
1767,wti,1
1768,concrete,7
1769,reverse,7
1770,station,3
1771,continuous,9
1772,efblgts,2
1773,orderly,1
1774,hunkered,1
1775,fog,1
1776,student,4
1777,dang,1
1778,mode,2
1779,monsignor,2
1780,uncover,3
1781,foremost,2
1782,danbury,2
1783,bethel,1
1784,complement,1
1785,din,1
1786,hartford,2
1787,dickenson,1
1788,mall,12
1789,residual,1
1790,loud,16
1791,waited,5
1792,uniformed,4
1793,em,3
1794,confirmation,1
1795,inundetermined,1
1796,religious,40
1797,lucky,14
1798,offsite,1
1799,systemic,5
1800,personalized,5
1801,loukdown,3
1802,useful,3
1803,abundance,1
1804,resource,1
1805,firm,3
1806,adult,5
1807,transport,1
1808,commissioner,1
1809,february,14
1810,pete,34
1811,confident,16
1812,uninterrupted,1
1813,linger,1
1814,columbine,18
1815,laid,1
1816,coming,17
1817,msnbc,15
1818,confronted,3
1819,knife,1
1820,stabbed,1
1821,rural,7
1822,chardon,1
1823,broader,11
1824,methodist,5
1825,tamron,2
1826,safer,2
1827,monitoring,2
1828,scenic,1
1829,indicated,2
1830,walk,12
1831,impossible,36
1832,tug,1
1833,daniel,1
1834,paige,1
1835,saved,2
1836,colin,7
1837,advocate,5
1838,block,4
1839,lig,1
1840,died,5
1841,hose,1
1842,hook,9
1843,mayor,9
1844,willing,23
1845,commented,2
1846,taught,6
1847,expect,9
1848,ian,3
1849,deepest,10
1850,lieberman,1
1851,psyche,2
1852,comprehend,1
1853,boyd,1
1854,county,8
1855,bucolic,1
1856,hyper,1
1857,park,1
1858,committed,15
1859,enact,3
1860,welker,3
1861,lanaza,1
1862,disturbing,1
1863,painic,1
1864,teacher,4
1865,customary,2
1866,garden,1
1867,lie,1
1868,unspeakable,37
1869,identity,3
1870,aktsive,2
1871,encountered,1
1872,lend,4
1873,eatpete,1
1874,affect,13
1875,vest,2
1876,even,2
1877,guess,14
1878,false,6
1879,searched,2
1880,auraora,1
1881,hearted,4
1882,drilled,1
1883,gym,3
1884,michelle,3
1885,jersey,2
1886,tight,10
1887,grim,14
1888,legislative,11
1889,notwithstanding,2
1890,assault,2
1891,julian,2
1892,devastating,7
1893,strongest,1
1894,tend,4
1895,wacko,1
1896,arm,1
1897,copycat,2
1898,execute,3
1899,carolyn,5
1900,godard,1
1901,mccarthy,7
1902,unreasonable,2
1903,bobby,1
1904,gai,1
1905,congressman,7
1906,noticed,3
1907,occurs,1
1908,lose,7
1909,captive,1
1910,stomach,2
1911,patch,1
1912,lived,3
1913,unthinkable,31
1914,unlikeliest,1
1915,congregational,2
1916,feeling,2
1917,clergy,5
1918,drove,7
1919,sklchool,1
1920,nestled,1
1921,ventilated,1
1922,id,4
1923,idea,2
1924,maniacal,1
1925,impress,3
1926,shield,1
1927,symzimmerman,1
1928,nsa,4
1929,universal,10
1930,knbc,1
1931,frightened,3
1932,abrupt,1
1933,marital,1
1934,chested,1
1935,uerel,1
1936,smart,16
1937,logo,1
1938,colbert,1
1939,gram,3
1940,dusty,1
1941,uneven,1
1942,bumpy,1
1943,sarah,10
1944,defective,1
1945,round,3
1946,jimmy,1
1947,abdul,3
1948,jose,6
1949,opposite,6
1950,muhammad,2
1951,sest,2
1952,malik,1
1953,electronic,15
1954,surprising,14
1955,outstanding,12
1956,lebron,1
1957,inspired,4
1958,excitement,4
1959,camera,2
1960,indictment,1
1961,flash,4
1962,posted,1
1963,dismissed,1
1964,sometime,4
1965,psychiatrysigh,1
1966,hole,2
1967,m,1
1968,homicidal,1
1969,endanger,1
1970,trustworthiness,1
1971,olive,1
1972,ougts,1
1973,marco,7
1974,curry,3
1975,decided,1
1976,upside,1
1977,roundtable,1
1978,steph,2
1979,charismatic,2
1980,hispanic,1
1981,davidson,1
1982,charisma,1
1983,candidate,1
1984,hypothetical,1
1985,feedback,1
1986,louis,2
1987,inaction,1
1988,hit,6
1989,wear,3
1990,wearable,1
1991,foresee,3
1992,vigilant,8
1993,riot,3
1994,unmarked,1
1995,stationary,1
1996,extreme,11
1997,nate,1
1998,hearsay,1
1999,accomplish,3
2000,neiman,2
2001,congregated,1
2002,skeptical,1
2003,rainy,1
2004,reese,2
2005,fresh,7
2006,graphic,6
2007,trust,2
2008,fence,1
2009,wheelchair,1
2010,discernible,1
2011,march,1
2012,shop,6
2013,rotten,1
2014,upheaval,1
2015,unsustained,1
2016,warrant,4
2017,simple,24
2018,flipping,1
2019,downtown,15
2020,navy,13
2021,miserable,2
2022,blocked,2
2023,threatened,2
2024,fueled,2
2025,outrageous,3
2026,gop,5
2027,break,5
2028,improve,3
2029,doctor,8
2030,leak,1
2031,malicious,2
2032,utter,5
2033,comey,1
2034,cloud,4
2035,parolee,1
2036,rail,4
2037,famer,2
2038,remote,4
2039,paperwork,2
2040,tampa,1
2041,bay,74
2042,nfl,2
2043,photograph,3
2044,fancy,5
2045,fabulous,17
2046,unidentified,5
2047,stayed,2
2048,goldman,1
2049,excited,6
2050,track,5
2051,athe,2
2052,whilte,1
2053,olivia,1
2054,opening,1
2055,fit,10
2056,julie,3
2057,dx,1
2058,dxy,1
2059,greece,3
2060,uber,12
2061,pimm,2
2062,terminal,3
2063,carry,6
2064,emmanuel,6
2065,nonviolent,3
2066,sacred,14
2067,christian,7
2068,hate,15
2069,prayer,17
2070,unity,8
2071,allm,1
2072,faith,16
2073,euro,7
2074,bloomberg,13
2075,marine,4
2076,supersize,1
2077,earful,1
2078,episcopal,33
2079,anguish,4
2080,viable,1
2081,inner,4
2082,weaker,8
2083,inflict,9
2084,signal,5
2085,canrehensive,1
2086,imf,1
2087,unaware,3
2088,mark,7
2089,conversation,2
2090,church,5
2091,dylann,16
2092,driven,6
2093,dineskue,2
2094,crimea,6
2095,ukrainian,3
2096,pro,8
2097,mayar,3
2098,pressure,2
2099,hawkish,1
2100,catalonia,3
2101,iginal,1
2102,declare,1
2103,cyclical,2
2104,temporary,2
2105,mandalay,19
2106,mccarran,9
2107,kevin,5
2108,francine,3
2109,keene,1
2110,audio,16
2111,uncertain,2
2112,nejra,5
2113,map,6
2114,upith,3
2115,newnd,2
2116,ii,2
2117,efficient,7
2118,onkeep,1
2119,roberto,2
2120,london,4
2121,speech,4
2122,aech,2
2123,asasan,1
2124,terrific,6
2125,indiscernible,4
2126,swirl,1
2127,aldean,65
2128,lombardo,6
2129,inequality,2
2130,wall,8
2131,acclaimed,1
2132,iconic,5
2133,jason,21
2134,route,8
2135,regulatory,2
2136,october,4
2137,franco,2
2138,repetitive,1
2139,ap,3
2140,name,10
2141,gunfire,4
2142,puerto,27
2143,acted,3
2144,wuts,6
2145,affected,12
2146,emma,5
2147,warmest,35
2148,peg,2
2149,monthly,6
2150,ebruary,1
2151,festival,52
2152,excess,4
2153,europe,1
2154,negative,4
2155,incorporate,1
2156,capital,1
2157,olumnist,1
2158,tedious,9
2159,believed,4
2160,checked,9
2161,strategic,4
2162,reaction,4
2163,stephen,16
2164,shy,1
2165,silent,2
2166,politicized,2
2167,kim,1
2168,areanjured,1
2169,politicalational,2
2170,approximate,7
2171,mind,6
2172,sight,5
2173,nefarious,2
2174,sheriff,49
2175,stocko,1
2176,clark,16
2177,utmost,1
2178,mnuchin,1
2179,cory,1
2180,stepheneen,1
2181,pure,24
2182,f,5
2183,eneral,2
2184,elizabeth,4
2185,represent,2
2186,kick,1
2187,halloween,3
2188,lawn,4
2189,louisiana,3
2190,congressional,11
2191,huckabee,3
2192,staunch,1
2193,opponent,1
2194,allowl,1
2195,conservative,3
2196,talev,2
2197,margaret,3
2198,participate,1
2199,stringent,1
2200,eco,3
2201,script,1
2202,ofis,1
2203,uniting,1
2204,narrow,3
2205,doubtful,2
2206,bipartisan,7
2207,manchin,1
2208,mysterious,2
2209,secretarye,1
2210,unite,12
2211,liu,1
2212,empire,2
2213,geopolitical,1
2214,ritual,5
2215,aftermath,12
2216,interior,4
2217,investigated,2
2218,hong,3
2219,yvonne,1
2220,defend,2
2221,kill,6
2222,lyric,2
2223,dog,3
2224,salary,1
2225,straightforward,1
2226,outdone,1
2227,precipitous,1
2228,fertilizer,1
2229,toxic,4
2230,ash,3
2231,squawk,9
2232,bible,47
2233,oldest,40
2234,boot,3
2235,fullest,1
2236,ifshlths,1
2237,ipo,3
2238,ibm,7
2239,andrew,1
2240,becky,1
2241,discount,1
2242,ea,1
2243,flown,7
2244,roundup,1
2245,mandole,2
2246,youthful,1
2247,prudential,2
2248,attract,4
2249,clint,2
2250,mad,10
2251,yodepartment,2
2252,grateful,19
2253,gocentral,3
2254,reinvent,1
2255,rubbish,1
2256,closed,14
2257,neek,1
2258,xtne,1
2259,lennar,1
2260,yum,1
2261,awesome,4
2262,listening,3
2263,indicate,5
2264,impacted,5
2265,ta,7
2266,assessment,3
2267,derogatory,7
2268,citation,7
2269,taut,1
2270,optimum,1
2271,transferred,2
2272,newsline,3
2273,orlando,15
2274,nightclub,8
2275,idealogical,2
2276,insane,3
2277,illness,2
2278,evilness,2
2279,demarcho,1
2280,rhtacig,1
2281,concert,61
2282,advanced,3
2283,harvest,10
2284,aldine,2
2285,clinical,4
2286,methodical,5
2287,involvement,7
2288,con,1
2289,responded,1
2290,organizes,2
2291,characterize,1
2292,hospitalized,6
2293,boulevard,7
2294,yes,2
2295,nyc,2
2296,nasdaq,7
2297,jane,1
2298,ete,1
2299,fun,2
2300,inflammatory,1
2301,dynamic,5
2302,incentive,1
2303,spike,1
2304,shine,1
2305,golden,3
2306,hq,3
2307,resort,2
2308,militant,2
2309,respon,1
2310,diplomatic,17
2311,korea,4
2312,courageous,10
2313,miraculous,5
2314,teachable,1
2315,lesson,1
2316,weak,1
2317,mesquite,20
2318,implied,1
2319,trigger,2
2320,vulnerability,1
2321,gon,1
2322,trading,2
2323,eighth,2
2324,quarterly,2
2325,bilateral,3
2326,luncheon,1
2327,froa,1
2328,briefed,3
2329,travel,6
2330,conceivable,1
2331,observable,2
2332,agreat,1
2333,deeper,3
2334,behavior,5
2335,prominent,15
2336,meddle,1
2337,external,3
2338,realistic,3
2339,toughest,2
2340,ban,2
2341,graceful,1
2342,attractive,1
2343,profile,9
2344,kayla,1
2345,reflect,1
2346,oklahoma,4
2347,scale,4
2348,bush,6
2349,behavioral,3
2350,aw,1
2351,donate,13
2352,madam,4
2353,dina,10
2354,companionship,1
2355,carl,6
2356,tropicana,5
2357,display,1
2358,eerie,7
2359,empty,7
2360,anticipae,1
2361,unilateral,1
2362,forceful,1
2363,paddock,2
2364,communicated,1
2365,ariana,3
2366,watershed,3
2367,ifin,1
2368,midst,5
2369,valley,5
2370,layman,1
2371,unforeseen,1
2372,propaganda,1
2373,rebuked,1
2374,finest,4
2375,unprecedented,4
2376,nuanced,2
2377,porous,3
2378,nuclear,1
2379,accessible,3
2380,demonstrate,1
2381,metro,18
2382,sole,8
2383,inundated,2
2384,evaluate,2
2385,laborious,5
2386,disguised,1
2387,hotel,4
2388,loop,1
2389,contrary,3
2390,l,2
2391,darkest,3
2392,tausche,1
2393,crazed,2
2394,fanatic,1
2395,grapple,3
2396,cadre,2
2397,relevant,4
2398,interday,1
2399,weakest,2
2400,material,1
2401,casino,5
2402,facial,1
2403,ample,3
2404,forensic,17
2405,task,1
2406,regrettable,1
2407,preincident,1
2408,sent,8
2409,certified,1
2410,circus,1
2411,unnoticed,1
2412,amiss,2
2413,comment,2
2414,resilient,14
2415,st,2
2416,mg,1
2417,cheapest,1
2418,mgm,1
2419,pal,3
2420,ought,1
2421,nest,1
2422,wynn,1
2423,performe,1
2424,neat,1
2425,incremental,1
2426,bb,1
2427,seymour,1
2428,empower,1
2429,nod,1
2430,sheila,1
2431,cynical,2
2432,wholesale,1
2433,desired,1
2434,instantaneous,3
2435,standby,4
2436,appreciative,6
2437,hide,8
2438,swift,3
2439,reset,2
2440,vigil,16
2441,handy,4
2442,parish,8
2443,lit,2
2444,brutal,4
2445,include,7
2446,fathom,4
2447,dazed,2
2448,confused,2
2449,glum,1
2450,understandable,5
2451,appalling,8
2452,schoolchildren,13
2453,rid,9
2454,counsellor,3
2455,ridiculous,6
2456,politician,5
2457,equal,9
2458,gleer,2
2459,divide,5
2460,nra,13
2461,home,3
2462,flip,2
2463,verizon,2
2464,robocall,3
2465,soledad,4
2466,galaxy,1
2467,siii,1
2468,recommend,2
2469,outburst,2
2470,moral,18
2471,ab,2
2472,snapped,2
2473,fear,14
2474,burnett,1
2475,heartfelt,4
2476,pickup,3
2477,postal,2
2478,spacious,1
2479,autistic,3
2480,introduce,4
2481,astute,2
2482,hoeboken,1
2483,comfort,1
2484,heartburn,1
2485,healthish,1
2486,griffin,1
2487,spread,8
2488,path,6
2489,scripture,1
2490,pray,12
2491,seriousness,2
2492,wrd,1
2493,frustrated,1
2494,mindy,1
2495,helpless,2
2496,vociferous,1
2497,benedict,6
2498,sol,1
2499,married,4
2500,dean,8
2501,message,4
2502,candle,1
2503,woor,2
2504,wei,4
2505,grief,22
2506,spiritual,6
2507,gabrielle,2
2508,blesds,1
2509,questioned,2
2510,airway,1
2511,brother,9
2512,shout,6
2513,massic,3
2514,load,4
2515,plif,2
2516,homeless,3
2517,stiff,3
2518,trick,4
2519,vatican,7
2520,ali,12
2521,velshi,1
2522,droid,6
2523,foreman,4
2524,christ,2
2525,synonymous,2
2526,away,1
2527,anderson,8
2528,abuzz,1
2529,extended,3
2530,witnessed,7
2531,weekly,13
2532,fifty,4
2533,somber,4
2534,solemn,1
2535,unfillable,2
2536,void,2
2537,hardest,3
2538,westminster,1
2539,cathedral,1
2540,australian,4
2541,walmart,2
2542,bright,3
2543,awkward,1
2544,countless,5
2545,saturday,28
2546,heavier,4
2547,annual,4
2548,say,4
2549,funny,1
2550,easterable,2
2551,devastated,1
2552,tv,1
2553,dun,2
2554,radio,1
2555,conscientious,1
2556,dedicated,2
2557,shaken,2
2558,unsuccessful,3
2559,bader,1
2560,ifs,1
2561,grader,1
2562,crowded,3
2563,occupied,1
2564,challenging,1
2565,tour,2
2566,welcomed,4
2567,accepted,1
2568,indelible,3
2569,impressed,2
2570,layout,1
2571,librarian,7
2572,enable,5
2573,dear,10
2574,parse,1
2575,funeral,4
2576,beloved,4
2577,meanwhile,6
2578,resounding,1
2579,unheard,1
2580,freetown,2
2581,gartdergarten,1
2582,worcesterst,1
2583,boggle,1
2584,assign,3
2585,heartbreaking,6
2586,plooez,1
2587,abide,3
2588,townspeople,3
2589,gradual,1
2590,pam,1
2591,renew,1
2592,stricken,1
2593,heartbroken,4
2594,regularly,1
2595,grieving,1
2596,avert,2
2597,passionate,3
2598,te,4
2599,force,2
2600,lou,11
2601,orve,2
2602,lemon,5
2603,reveal,1
2604,toufrgh,1
2605,newest,2
2606,chilled,2
2607,bin,2
2608,feel,5
2609,depth,3
2610,vial,1
2611,decorate,1
2612,pristine,2
2613,deb,2
2614,idyllic,3
2615,alleged,11
2616,son,9
2617,morsi,1
2618,rifle,15
2619,dice,1
2620,latino,2
2621,two,1
2622,exhausting,1
2623,wrestle,1
2624,burst,4
2625,overwhelmed,3
2626,bought,2
2627,lev,1
2628,suspecter,1
2629,bolduan,5
2630,ached,1
2631,care,2
2632,forced,6
2633,nassau,1
2634,seventh,2
2635,amidst,3
2636,rough,5
2637,understatement,1
2638,formidable,1
2639,aiden,1
2640,banquet,1
2641,thriving,1
2642,israel,1
2643,sanjay,1
2644,liked,4
2645,buenos,1
2646,fix,3
2647,herkemeier,1
2648,stuck,4
2649,exhaustive,1
2650,honorable,1
2651,animal,4
2652,pentagon,1
2653,indian,1
2654,distrustful,1
2655,precisely,2
2656,sparkly,3
2657,couch,4
2658,widespread,3
2659,carjack,1
2660,cross,7
2661,internship,4
2662,bag,11
2663,chased,3
2664,organized,4
2665,asian,11
2666,swath,2
2667,served,2
2668,manifesto,1
2669,tell,6
2670,marquez,1
2671,birth,1
2672,obsessed,2
2673,urgent,5
2674,distinguish,1
2675,unstable,5
2676,content,2
2677,grazed,1
2678,underneath,3
2679,numb,3
2680,nica,2
2681,crawled,2
2682,entrance,1
2683,unused,1
2684,cared,1
2685,whistle,1
2686,sear,3
2687,nationwide,2
2688,inhappened,2
2689,trail,2
2690,sigh,5
2691,wntr,2
2692,oscar,1
2693,pamela,9
2694,ocean,4
2695,africa,2
2696,death,7
2697,packed,8
2698,sweet,3
2699,unique,15
2700,prosperous,5
2701,chart,2
2702,watched,6
2703,seemed,1
2704,casual,1
2705,surreal,4
2706,paramilitary,2
2707,walking,1
2708,protective,9
2709,proof,1
2710,bedridden,1
2711,curnow,1
2712,oceanfront,2
2713,kathleen,1
2714,ran,8
2715,demolish,1
2716,confrontation,3
2717,hijacked,1
2718,newark,1
2719,pointblank,1
2720,transplant,2
2721,ammo,1
2722,along,8
2723,fredricka,18
2724,navarro,3
2725,wech,1
2726,noon,3
2727,rancho,1
2728,ariel,1
2729,play,1
2730,gunned,3
2731,invest,4
2732,vital,5
2733,metabolic,2
2734,wet,2
2735,addressed,7
2736,tushrned,2
2737,seabrooks,2
2738,albert,3
2739,cheap,5
2740,ar,3
2741,firing,3
2742,reiterate,2
2743,fir,1
2744,ford,1
2745,ntact,2
2746,scream,4
2747,loaded,4
2748,neutralized,3
2749,t,2
2750,oim,2
2751,gooden,1
2752,estimate,1
2753,victoria,3
2754,undergone,1
2755,isla,20
2756,hln,2
2757,christi,1
2758,uv,1
2759,reportedly,1
2760,purina,1
2761,premeditated,8
2762,working,2
2763,add,7
2764,deli,2
2765,leading,4
2766,outlined,1
2767,simplify,2
2768,beach,3
2769,pizza,1
2770,avery,1
2771,barbara,6
2772,revealed,1
2773,sober,2
2774,reek,1
2775,anniversary,3
2776,abdullah,1
2777,royal,1
2778,muslim,3
2779,chaos,4
2780,deputy,2
2781,voice,2
2782,scheduled,4
2783,base,1
2784,shell,1
2785,detroit,1
2786,fred,1
2787,bmw,1
2788,intense,7
2789,terrorized,1
2790,firework,1
2791,insidious,1
2792,educational,1
2793,experience,5
2794,rebound,1
2795,gunbattle,3
2796,holiday,6
2797,iv,1
2798,brush,1
2799,monkey,1
2800,residue,2
2801,celestial,1
2802,unconscionable,1
2803,youtube,3
2804,shattered,5
2805,compelling,1
2806,serta,3
2807,deborah,4
2808,pin,1
2809,commend,1
2810,let,6
2811,inud,1
2812,weird,3
2813,elliot,5
2814,bent,3
2815,head,4
2816,turned,10
2817,ease,1
2818,thatmemorialized,1
2819,uva,1
2820,debra,2
2821,quicken,3
2822,pervasive,1
2823,cooper,1
2824,killough,2
2825,july,13
2826,emanual,11
2827,ame,22
2828,ivan,2
2829,kong,2
2830,errol,1
2831,rosemary,2
2832,runway,1
2833,slavery,3
2834,underground,3
2835,located,2
2836,hush,6
2837,lion,6
2838,caucasian,1
2839,unacceptable,6
2840,calhoun,3
2841,christine,2
2842,underway,18
2843,bomb,6
2844,detect,4
2845,crash,1
2846,university,2
2847,costa,3
2848,cherished,1
2849,noted,1
2850,murdered,1
2851,historical,7
2852,canine,2
2853,charleston,61
2854,sanctuary,9
2855,consumate,1
2856,inexplicable,4
2857,intolerable,4
2858,distinctive,9
2859,greg,6
2860,assistance,6
2861,flier,1
2862,bishop,1
2863,nora,1
2864,urge,1
2865,urinary,4
2866,pastor,6
2867,pillar,2
2868,everybody,8
2869,consolidated,2
2870,arrived,1
2871,clementa,12
2872,fulful,1
2873,holy,8
2874,brook,1
2875,notify,2
2876,assistant,2
2877,overpriced,1
2878,musc,1
2879,quinta,1
2880,pertinent,1
2881,uncomprehensible,1
2882,clearest,1
2883,mullen,1
2884,carol,3
2885,flesh,4
2886,test,1
2887,virgin,9
2888,approached,1
2889,thoughtful,3
2890,considerate,1
2891,worship,6
2892,cousin,1
2893,williams,2
2894,evening,1
2895,microsoft,1
2896,madrid,1
2897,smallest,4
2898,usaa,12
2899,naacp,3
2900,spare,3
2901,acid,1
2902,stressful,1
2903,thug,1
2904,sermon,1
2905,hujge,1
2906,attacked,4
2907,pair,1
2908,preached,1
2909,mandatory,1
2910,symbolic,5
2911,ill,6
2912,offender,1
2913,examine,2
2914,unnecessary,2
2915,wholesome,6
2916,delicious,12
2917,ed,21
2918,contiguous,3
2919,sleeve,1
2920,native,5
2921,carolinian,1
2922,attentive,1
2923,morris,4
2924,kate,4
2925,valencia,1
2926,perez,1
2927,license,4
2928,solar,2
2929,root,3
2930,intensive,1
2931,accident,3
2932,senator,2
2933,massacre,21
2934,loretta,2
2935,memphis,2
2936,egregious,2
2937,sit,1
2938,soul,9
2939,northwest,6
2940,majestic,1
2941,glorify,1
2942,cultural,3
2943,riffic,1
2944,assure,1
2945,define,1
2946,thorough,1
2947,cooperative,3
2948,pleased,3
2949,spotted,1
2950,da,1
2951,timef,1
2952,commitment,1
2953,inspirational,1
2954,g,4
2955,acosta,1
2956,achievable,1
2957,loophole,1
2958,palpable,3
2959,revive,2
2960,preesh,2
2961,yapreciative,2
2962,shelby,16
2963,singleton,2
2964,goosecreek,2
2965,comprehensive,1
2966,chur,1
2967,joy,3
2968,aingenger,1
2969,unparalleled,3
2970,slave,7
2971,beacon,1
2972,lingered,1
2973,ide,1
2974,frenzied,1
2975,parallel,2
2976,anywhere,3
2977,calhoon,1
2978,mob,2
2979,burn,3
2980,retire,1
2981,examined,1
2982,guilt,1
2983,rigorous,1
2984,diabolical,1
2985,amount,1
2986,accept,1
2987,nixon,1
2988,occupant,1
2989,team,2
2990,ana,1
2991,ethel,1
2992,baptist,1
2993,cowardly,1
2994,birthday,2
2995,cuz,4
2996,meant,4
2997,longshoreman,1
2998,saudi,1
2999,younger,8
3000,matriarch,1
3001,antigovernment,1
3002,ratist,1
3003,launch,1
3004,medic,2
3005,cynthia,3
3006,sharonda,1
3007,susy,1
3008,referee,1
3009,revoting,1
3010,frosted,3
3011,nabbed,1
3012,inflicted,1
3013,unimagine,1
3014,owes,1
3015,wesleyan,2
3016,matthew,1
3017,put,3
3018,sweatshirt,1
3019,presidency,1
3020,chilling,2
3021,alina,1
3022,handoff,2
3023,waived,2
3024,tarmac,1
3025,heartbreak,1
3026,ethnic,1
3027,todd,3
3028,erin,7
3029,study,2
3030,dig,3
3031,heidi,1
3032,foreclose,1
3033,tywanza,1
3034,rape,3
3035,graham,1
3036,vern,2
3037,gosney,1
3038,looked,1
3039,layton,1
3040,waldo,1
3041,joe,3
3042,outrage,5
3043,vocal,1
3044,endless,1
3045,responsive,1
3046,hunger,4
3047,hungriest,1
3048,lab,4
3049,courier,10
3050,doorbell,4
3051,plus,10
3052,multistory,1
3053,untold,4
3054,jonathan,3
3055,anytime,1
3056,frightening,1
3057,reassured,2
3058,extremist,2
3059,enjoy,1
3060,stand,1
3061,vicki,3
3062,ordeal,1
3063,partial,3
3064,lexus,1
3065,december,1
3066,enforcement,7
3067,focussed,1
3068,rundown,1
3069,respond,4
3070,namzaric,1
3071,cecal,3
3072,grab,1
3073,picked,3
3074,pulled,6
3075,coordinate,3
3076,propane,1
3077,detection,1
3078,ascertain,1
3079,ideology,2
3080,added,2
3081,showdown,1
3082,vic,1
3083,robertson,1
3084,oswald,1
3085,policeman,1
3086,malice,1
3087,assassination,1
3088,vietnamese,2
3089,vietcong,2
3090,embassy,3
3091,appetite,1
3092,stephanie,11
3093,lipsen,1
3094,bulletproof,3
3095,suppose,2
3096,technic,1
3097,specttive,1
3098,cam,1
3099,hern,1
3100,hoern,2
3101,unturned,6
3102,guitar,1
3103,parked,4
3104,extract,4
3105,francis,3
3106,uganda,1
3107,joey,2
3108,elevate,1
3109,elam,5
3110,ozy,2
3111,intentional,1
3112,excessive,2
3113,built,1
3114,hurt,2
3115,minimal,1
3116,paralyzed,4
3117,windshield,1
3118,victor,2
3119,tag,1
3120,select,6
3121,protected,3
3122,alerted,1
3123,ned,1
3124,gillian,1
3125,ideological,2
3126,ripe,3
3127,narrowed,1
3128,azi,1
3129,peer,1
3130,swasey,1
3131,abdeslam,1
3132,technician,1
3133,footwear,1
3134,soup,1
3135,delicate,2
3136,striking,6
3137,risky,2
3138,alexandra,2
3139,jugular,1
3140,stack,1
3141,offen,1
3142,tribute,2
3143,u,3
3144,garrett,1
3145,penrose,2
3146,breakdown,4
3147,gilliam,1
3148,mome,1
3149,kiss,1
3150,encounter,1
3151,diverse,3
3152,payrollized,1
3153,yearlong,1
3154,supplement,1
3155,invaluable,7
3156,hid,5
3157,pert,1
3158,firsthand,2
3159,weighed,1
3160,disagree,2
3161,somehow,2
3162,frighten,3
3163,achieve,3
3164,scare,2
3165,properly,1
3166,reserve,2
3167,rocky,1
3168,devoted,6
3169,nasty,2
3170,poppy,19
3171,danger,1
3172,healthier,3
3173,rechargeable,1
3174,accountable,4
3175,beneficial,2
3176,renowned,2
3177,gamble,6
3178,felt,2
3179,principle,3
3180,sara,5
3181,unitarian,2
3182,universalist,2
3183,selfless,5
3184,breath,1
3185,irate,2
3186,traveled,1
3187,boyfriend,2
3188,started,5
3189,pushed,1
3190,placed,1
3191,improvised,1
3192,undermine,1
3193,boyle,1
3194,gang,2
3195,rational,1
3196,snub,1
3197,remorse,3
3198,kasich,1
3199,dermatologist,1
3200,serial,3
3201,togeth,2
3202,delegate,1
3203,flung,1
3204,sew,1
3205,george,5
3206,mexico,2
3207,gunpowder,1
3208,kia,1
3209,virtual,1
3210,casualy,1
3211,ri,1
3212,chosen,3
3213,seize,3
3214,chose,2
3215,pufrp,1
3216,layer,1
3217,strengthen,1
3218,goithese,1
3219,emphatic,1
3220,belief,1
3221,gary,2
3222,impactful,1
3223,post,3
3224,wherewithal,2
3225,tweet,6
3226,mick,3
3227,bryan,5
3228,fest,3
3229,earwitness,1
3230,residence,1
3231,rang,2
3232,kwroefplt,2
3233,twenty,3
3234,mattic,1
3235,killing,3
3236,staoup,1
3237,scared,1
3238,bravery,1
3239,darren,1
3240,awe,3
3241,grande,1
3242,marilou,7
3243,owe,2
3244,undersheriff,4
3245,uniquely,1
3246,extend,3
3247,underslfr,1
3248,experienced,4
3249,pulse,14
3250,sooe,1
3251,flike,1
3252,performer,2
3253,ko,1
3254,lasted,3
3255,admiral,2
3256,tlu,2
3257,suggested,2
3258,arsenal,2
3259,later,1
3260,kept,1
3261,muzzle,2
3262,amazed,3
3263,ppolitan,2
3264,lom,1
3265,harlow,3
3266,duress,2
3267,designated,2
3268,jumped,2
3269,treating,1
3270,analogous,1
3271,iraq,5
3272,situated,1
3273,ambush,1
3274,resuscitation,2
3275,salt,2
3276,advised,1
3277,separated,2
3278,closest,8
3279,reconcile,1
3280,musical,6
3281,psychopath,4
3282,immense,2
3283,analyze,1
3284,confirmed,4
3285,nonexistent,1
3286,kindness,1
3287,deck,1
3288,someplace,1
3289,engaged,1
3290,vantage,6
3291,upsetting,1
3292,unrelentless,1
3293,healthcare,1
3294,avid,13
3295,simon,2
3296,icu,1
3297,umc,10
3298,stocked,1
3299,unleash,2
3300,megan,1
3301,gum,2
3302,carbs,1
3303,expired,1
3304,akin,1
3305,focus,2
3306,interrogate,1
3307,sonny,6
3308,prized,1
3309,indivisible,5
3310,rico,9
3311,lynn,1
3312,replaced,2
3313,choked,3
3314,saddened,1
3315,tail,2
3316,evan,1
3317,frozen,4
3318,spog,1
3319,detector,3
3320,defenseless,3
3321,sunny,2
3322,fund,1
3323,registered,3
3324,orthopedic,1
3325,stockpile,2
3326,explain,2
3327,happens,3
3328,girlfriend,2
3329,song,2
3330,utilizes,1
3331,wound,2
3332,breached,2
3333,harm,1
3334,determined,1
3335,revisit,1
3336,lan,3
3337,confusing,3
3338,karen,3
3339,allergy,1
3340,unremarkable,3
3341,suite,4
3342,melbourne,1
3343,itvolley,1
3344,thompson,2
3345,jackie,3
3346,scouting,4
3347,presumed,2
3348,ahold,2
3349,guardian,3
3350,angel,3
3351,sun,3
3352,seagal,1
3353,sea,1
3354,gull,1
3355,heartbeat,3
3356,whitman,1
3357,nonperishable,1
3358,clarke,2
3359,flew,1
3360,timely,4
3361,desensitized,3
3362,totheir,1
3363,youknow,1
3364,stupid,2
3365,restrictive,5
3366,naughton,1
3367,tucson,3
3368,frantic,3
3369,divorced,1
3370,indistinct,2
3371,help,1
3372,dickinson,1
3373,tuned,2
3374,tear,16
3375,carried,3
3376,therapist,2
3377,neighborhood,1
3378,keyed,1
3379,intercom,5
3380,unbearable,2
3381,assertive,1
3382,commuter,2
3383,skwrus,1
3384,loft,1
3385,confidential,1
3386,rent,3
3387,ball,2
3388,judiciary,3
3389,debut,1
3390,arnold,1
3391,palmer,1
3392,stab,1
3393,headache,1
3394,fastest,2
3395,manual,5
3396,insecure,1
3397,blonde,1
3398,indecisive,2
3399,forsman,1
3400,elijah,1
3401,model,1
3402,wearing,2
3403,tenth,1
3404,getaway,1
3405,ricky,1
3406,precarious,2
3407,liz,1
3408,gorgeous,1
3409,pinckney,2
3410,experimental,1
3411,flow,2
3412,uninsurable,1
3413,violate,1
3414,boysenberry,1
3415,hateful,8
3416,incomprehensible,7
3417,unfortunately,3
3418,soot,2
3419,soapbox,2
3420,extrapolate,2
3421,crushed,2
3422,yesteryear,2
3423,naifrt,2
3424,inz,1
3425,please,3
3426,expensive,3
3427,shaven,2
3428,speed,2
3429,bootsi,1
3430,thick,6
3431,lowest,1
3432,qualified,1
3433,dreadful,3
3434,reached,3
3435,conceive,2
3436,gracious,2
3437,pastoral,1
3438,assert,1
3439,deadful,1
3440,wheel,1
3441,ginl,2
3442,spag,1
3443,citizen,3
3444,temperament,2
3445,noteworthy,2
3446,lid,1
3447,ponzi,1
3448,germany,1
3449,biden,3
3450,wiley,1
3451,semiannual,1
3452,dobbs,2
3453,dylan,2
3454,optimistic,3
3455,contend,1
3456,dvr,1
3457,unsubstantiated,1
3458,science,2
3459,margee,2
3460,lyle,2
3461,sexist,2
3462,obnoxious,2
3463,bleep,1
3464,flee,3
3465,officern,1
3466,train,8
3467,except,1
3468,changer,1
3469,sutton,1
3470,dallas,3
3471,housley,1
3472,vacant,3
3473,sin,1
3474,contacted,1
3475,nexus,1
3476,regulate,1
3477,wh,1
3478,metal,4
3479,protocol,4
3480,dax,2
3481,asia,3
3482,smarter,4
3483,convert,4
3484,japan,4
3485,mechanic,4
3486,greatest,2
3487,roommate,3
3488,venue,4
3489,utilizing,2
3490,budweiser,2
3491,react,4
3492,winyy,1
3493,supplied,2
3494,rental,2
3495,dagen,1
3496,photo,2
3497,killer,2
3498,voya,2
3499,delete,1
3500,edward,1
3501,stage,3
3502,sustainable,1
3503,uninstructed,1
3504,judicial,1
3505,theresa,1
3506,match,1
3507,csi,1
3508,actionable,1
3509,alleviate,1
3510,pm,1
3511,marilu,2
3512,soothe,2
3513,hyundai,2
3514,shootout,2
3515,morn,3
3516,carrasco,1
3517,instagram,2
3518,sharpro,1
3519,granddaughter,1
3520,dominate,1
3521,opportunistic,1
3522,record,2
3523,blazed,1
3524,split,3
3525,mattered,2
3526,sinking,1
3527,certainty,1
3528,congress,4
3529,amoral,1
3530,valid,4
3531,inordinate,1
3532,body,1
3533,fabric,17
3534,nobody,1
3535,napolitano,1
3536,danny,2
3537,skilled,4
3538,dad,2
3539,outline,2
3540,asteroid,1
3541,dow,1
3542,keith,1
3543,regard,4
3544,singer,5
3545,rip,1
3546,magic,2
3547,tarkanian,1
3548,pediatric,1
3549,macabre,1
3550,randy,6
3551,militarized,1
3552,depressing,1
3553,stuart,1
3554,lack,2
3555,lord,2
3556,pledge,1
3557,terrorize,1
3558,punish,1
3559,macro,1
3560,default,1
3561,earth,1
3562,frustration,1
3563,outraged,2
3564,havoc,1
3565,till,2
3566,pose,1
3567,ruthless,2
3568,lifetime,1
3569,logical,1
3570,spirit,4
3571,extraneous,1
3572,blumenthal,1
3573,pedestrian,6
3574,astonished,1
3575,inexperienced,1
3576,troubling,1
3577,balcony,1
3578,nut,4
3579,hideous,3
3580,pejorative,1
3581,upon,2
3582,deirdre,3
3583,telegram,3
3584,english,1
3585,shove,2
3586,fragile,2
3587,mic,4
3588,psycho,3
3589,visit,5
3590,ironed,1
3591,luis,1
3592,controversy,1
3593,upcoming,2
3594,bier,3
3595,lando,3
3596,unc,1
3597,nowadays,1
3598,healer,1
3599,unnerving,1
3600,unfair,1
3601,elevated,5
3602,injure,2
3603,angle,4
3604,invisible,1
3605,guarded,1
3606,unpeel,1
3607,overt,1
3608,greet,2
3609,trish,2
3610,gigantic,1
3611,fugitive,2
3612,unlikely,3
3613,sherry,1
3614,murderous,3
3615,usc,6
3616,unfolds,1
3617,claman,1
3618,countdown,1
3619,inspiring,1
3620,bite,2
3621,bed,5
3622,parking,2
3623,shapiro,1
3624,twice,2
3625,generate,1
3626,sizable,1
3627,accountant,5
3628,review,2
3629,shift,1
3630,sidewalk,1
3631,independent,5
3632,cowboy,2
3633,scrambl,1
3634,cleaned,1
3635,ted,2
3636,eternal,2
3637,army,2
3638,somalian,1
3639,sudanese,1
3640,proactive,3
3641,fiancee,1
3642,resist,3
3643,resistant,1
3644,edsold,2
3645,skill,1
3646,presented,1
3647,drop,1
3648,fisher,1
3649,castle,3
3650,siegel,2
3651,sean,4
3652,employed,1
3653,psychiatric,5
3654,dire,1
3655,littl,1
3656,preventable,1
3657,radical,3
3658,influx,1
3659,mexican,2
3660,webber,3
3661,courage,2
3662,genuine,1
3663,cowen,1
3664,ordy,2
3665,overdue,2
3666,henry,3
3667,sharable,2
3668,thumb,1
3669,capitol,1
3670,aspect,3
3671,glock,1
3672,manage,1
3673,meticulous,2
3674,brings,1
3675,freeze,5
3676,abandon,3
3677,hanuty,3
3678,stopped,3
3679,twept,1
3680,grabbed,4
3681,emf,3
3682,wat,2
3683,ndid,3
3684,pime,5
3685,joyful,2
3686,advent,2
3687,sloot,3
3688,shoothing,3
3689,indescribable,2
3690,ni,2
3691,publish,4
3692,adorable,2
3693,dia,1
3694,devil,1
3695,nephew,1
3696,buzzed,1
3697,custodian,1
3698,reloadable,2
3699,atm,2
3700,nenenenene,4
3701,secured,1
3702,unsuspecting,1
3703,thrrn,1
3704,substitute,2
3705,thrathere,1
3706,brenda,1
3707,generous,1
3708,kooiman,1
3709,peter,3
3710,epidemic,3
3711,shear,1
3712,patti,4
3713,heather,1
3714,organ,1
3715,jenny,1
3716,developmental,1
3717,jenna,2
3718,unleashing,1
3719,town,5
3720,file,2
3721,badge,1
3722,distant,2
3723,autopsy,1
3724,therapeutic,1
3725,frankly,4
3726,detailsment,3
3727,misterous,1
3728,nerd,1
3729,yest,1
3730,urigencey,1
3731,heroric,1
3732,nthis,1
3733,threetthreese,1
3734,exist,1
3735,nd,1
3736,comb,1
3737,painstaking,1
3738,join,3
3739,ie,1
3740,fairie,1
3741,monitored,1
3742,unroughly,2
3743,particul,1
3744,affiliated,1
3745,puppy,1
3746,card,3
3747,neglectful,4
3748,jaw,3
3749,overcome,3
3750,anxcellent,2
3751,pole,1
3752,cheerly,2
3753,victorrian,1
3754,tulsa,2
3755,held,1
3756,foiled,1
3757,maiden,1
3758,irrelevant,1
3759,corrupt,1
3760,implemented,1
3761,intimate,1
3762,profound,1
3763,tweak,1
3764,tylenol,1
3765,aleve,2
3766,rome,1
3767,morningness,2
3768,abandoned,1
3769,predecessor,1
3770,aria,2
3771,triumph,2
3772,wing,2
3773,uphill,2
3774,revival,1
3775,dialog,1
3776,carnival,1
3777,ernesto,1
3778,canymr,3
3779,sparked,1
3780,auditional,3
3781,loen,2
3782,shorter,1
3783,snous,2
3784,visa,2
3785,marianne,2
3786,distressed,1
3787,fertile,2
3788,connick,1
3789,chronic,2
3790,risk,1
3791,living,3
3792,ups,3
3793,bath,1
3794,steak,1
3795,smoke,1
3796,italian,2
3797,ram,2
3798,afghanistan,1
3799,increased,2
3800,zimmerman,1
3801,gregg,1
3802,jamie,1
3803,delayed,1
3804,adt,1
3805,swollen,2
3806,videotaped,2
3807,dome,1
3808,aloud,1
3809,greta,1
3810,moving,1
3811,ibanez,2
3812,midas,4
3813,nusra,3
3814,dizzy,3
3815,november,2
3816,c,1
3817,underestimate,2
3818,funniest,1
3819,range,1
3820,widow,1
3821,squibb,1
3822,opdivo,1
3823,salem,1
3824,timid,2
3825,sulfonylurea,1
3826,spin,1
3827,sebts,1
3828,conscious,3
3829,unofficial,1
3830,rubio,2
3831,pnlt,1
3832,kalamazoo,1
3833,zumba,1
3834,lo,1
3835,establishment,1
3836,tobin,4
3837,ae,1
3838,dorothy,1
3839,rhyme,1
3840,candid,3
3841,steal,3
3842,regime,2
3843,parliamentary,1
3844,libertarian,2
3845,franklin,1
3846,frontier,1
3847,grassy,2
3848,cmt,1
3849,lea,1
3850,burma,1
3851,pumped,1
3852,grid,1
3853,frolombardo,2
3854,anecdotal,1
3855,calmer,1
3856,realizes,1
3857,aught,1
3858,brern,1
3859,mow,1
3860,plead,2
3861,owen,2
3862,pondered,1
3863,fla,2
3864,explicit,1
3865,interviewed,1
3866,opportunist,1
3867,shocking,1
3868,ride,1
3869,luke,2
3870,coombs,1
3871,buddy,1
3872,arianna,1
3873,islamist,1
3874,easiest,1
3875,lombardi,2
3876,artist,1
3877,amp,1
3878,pd,4
3879,drum,2
3880,danley,1
3881,smag,1
3882,rebuild,3
3883,likelihood,1
3884,associate,6
3885,terror,3
3886,answered,3
3887,love,3
3888,aldeen,1
3889,thoroughly,2
3890,oj,2
3891,wrought,1
3892,unwilling,2
3893,shortest,1
3894,israeli,1
3895,manifest,2
3896,glider,1
3897,anybody,2
3898,shoe,2
3899,forum,1
3900,periscope,1
3901,jump,2
3902,asleep,1
3903,woken,1
3904,basement,2
3905,carnage,1
3906,hayes,1
3907,untrained,1
3908,directed,1
3909,nibble,1
3910,mine,2
3911,airplane,2
3912,sandra,3
3913,pronounced,3
3914,pardon,1
3915,draped,1
3916,hometown,7
3917,drew,1
3918,battlefield,1
3919,arena,1
3920,goldfish,1
3921,derive,3
3922,abject,2
3923,ground,2
3924,night,1
3925,sadistic,1
3926,threshold,3
3927,investigatio,1
3928,complimentary,1
3929,ointment,2
3930,adventitious,1
3931,unconscious,1
3932,backed,3
3933,eighty,2
3934,scariest,2
3935,discover,1
3936,stray,1
3937,passersby,1
3938,allstate,1
3939,demographic,1
3940,stuffed,1
3941,mediterranean,2
3942,guilfoyle,2
3943,oblivious,1
3944,shootable,1
3945,periodic,2
3946,sheltered,4
3947,ironic,2
3948,face,2
3949,plumber,1
3950,running,1
3951,iphones,1
3952,unison,1
3953,collective,2
3954,emboldens,1
3955,politicize,1
3956,henderson,1
3957,internal,4
3958,sentence,2
3959,rosen,1
3960,mourn,1
3961,pride,1
3962,engage,2
3963,divisive,2
3964,displayed,1
3965,lunatic,3
3966,selflessness,2
3967,utterly,1
3968,seared,1
3969,solomon,1
3970,sheer,1
3971,failure,1
3972,suggest,3
3973,christin,1
3974,stole,2
3975,conflict,2
3976,ablt,2
3977,unlsderstand,1
3978,josh,1
3979,doig,1
3980,sticky,2
3981,sonic,2
3982,clip,6
3983,nadler,3
3984,gross,4
3985,ylive,1
3986,enormity,4
3987,ellison,5
3988,undescribable,4
3989,harder,6
3990,cardworthy,1
3991,rupert,3
3992,sensible,6
3993,catalyze,3
3994,shellshocked,2
3995,unspoken,3
3996,plain,2
3997,android,2
3998,cullen,1
3999,rotary,4
4000,grievous,11
4001,sikh,19
4002,juice,2
4003,beth,5
4004,fob,3
4005,unending,8
4006,tim,8
4007,pain,8
4008,crux,1
4009,suburb,3
4010,cumulative,4
4011,zzzquil,1
4012,forming,1
4013,denture,1
4014,softer,2
4015,tree,5
4016,overcame,2
4017,difficulty,2
4018,tot,1
4019,spy,1
4020,lotta,2
4021,chef,2
4022,rachel,1
4023,oak,12
4024,eat,4
4025,explore,1
4026,justice,4
4027,acting,1
4028,ezra,1
4029,revealing,1
4030,cliff,2
4031,psychologist,2
4032,minnesota,2
4033,promiscuous,1
4034,cia,1
4035,el,1
4036,fantasy,2
4037,nit,1
4038,colleague,2
4039,tor,2
4040,th,2
4041,iphone,1
4042,frank,1
4043,headline,5
4044,inat,1
4045,mufblg,1
4046,colleen,1
4047,happiest,1
4048,art,1
4049,issued,1
4050,nerve,1
4051,nissan,7
4052,tricky,1
4053,watching,2
4054,intervene,2
4055,island,1
4056,licensed,1
4057,melissa,7
4058,speaking,2
4059,normalizes,1
4060,prepackaged,1
4061,bulk,1
4062,blindside,2
4063,await,2
4064,forment,1
4065,intimacy,1
4066,critique,1
4067,hearing,4
4068,buried,1
4069,undertake,1
4070,epic,1
4071,hoe,3
4072,spokeekken,1
4073,interdisciplinary,1
4074,storey,1
4075,panacea,1
4076,curb,1
4077,oit,1
4078,attended,4
4079,continual,2
4080,metaphoric,1
4081,behest,1
4082,overeat,1
4083,factthe,1
4084,normalnormalcy,1
4085,expend,1
4086,kristen,6
4087,theal,2
4088,occurred,1
4089,resoluteness,1
4090,oppose,1
4091,sig,1
4092,safetst,1
4093,predictive,1
4094,volunteer,2
4095,acknowledgement,1
4096,metronomic,1
4097,paint,2
4098,travesty,1
4099,inadequate,1
4100,saddest,1
4101,civic,1
4102,argument,1
4103,treatable,2
4104,democrat,1
4105,accidental,1
4106,return,1
4107,substantive,3
4108,atrial,1
4109,gps,1
4110,caused,1
4111,warfarin,1
4112,dietary,1
4113,bf,1
4114,craig,10
4115,comparison,1
4116,brilliant,3
4117,belonged,1
4118,randi,1
4119,ridgid,1
4120,ari,2
4121,stigma,1
4122,reported,3
4123,shareable,1
4124,lte,1
4125,htc,1
4126,rhetoric,3
4127,seasoned,2
4128,entree,1
4129,lobsterfest,2
4130,testified,3
4131,concentrated,1
4132,deterred,1
4133,admissible,3
4134,snug,2
4135,nose,1
4136,mayoral,3
4137,stranded,2
4138,equivalent,1
4139,mainstream,3
4140,hospitable,1
4141,schulman,1
4142,workplace,1
4143,classic,4
4144,constitutional,3
4145,workup,1
4146,kricht,1
4147,vista,1
4148,eliot,1
4149,advertised,1
4150,sweeping,1
4151,exchanged,2
4152,moisture,1
4153,posttraumatic,1
4154,reich,1
4155,nx,1
4156,photographer,1
4157,bayer,4
4158,ultra,4
4159,epa,2
4160,eleven,2
4161,pop,1
4162,febreze,1
4163,bengie,5
4164,touching,1
4165,starlin,1
4166,erupt,2
4167,wcvb,1
4168,gm,1
4169,distraught,1
4170,walter,10
4171,undercurrent,1
4172,sharpton,1
4173,blatant,1
4174,shake,1
4175,manifested,1
4176,catch,1
4177,apprehend,4
4178,prompted,1
4179,guided,1
4180,angie,5
4181,sarlin,2
4182,upicide,2
4183,reproductive,3
4184,histhe,1
4185,nba,2
4186,gucci,1
4187,leptic,1
4188,dara,2
4189,benji,2
4190,slight,2
4191,colorful,1
4192,xfinity,1
4193,covered,3
4194,forecast,1
4195,savannah,1
4196,fwz,1
4197,uneasy,1
4198,eded,4
4199,everywhere,2
4200,iman,3
4201,ualu,3
4202,uglier,1
4203,benjy,2
4204,bakari,1
4205,recap,2
4206,wurxp,1
4207,jeb,1
4208,toteal,1
4209,blow,5
4210,horic,1
4211,tonrleston,1
4212,capture,3
4213,wagner,2
4214,laquinta,1
4215,swim,1
4216,bengy,2
4217,elected,2
4218,manhunt,1
4219,austin,1
4220,upwards,2
4221,store,1
4222,oppressive,1
4223,persevere,1
4224,definitely,1
4225,unease,2
4226,scrap,1
4227,anticipate,1
4228,fanny,1
4229,pouch,1
4230,guard,1
4231,nourish,1
4232,ayman,1
4233,dave,1
4234,incendiary,1
4235,relaxed,2
4236,conveyed,1
4237,arrested,2
4238,melvin,7
4239,longest,2
4240,renaissance,1
4241,seat,1
4242,brightest,1
4243,columbia,1
4244,develops,1
4245,outspoken,2
4246,juks,1
4247,testament,1
4248,intern,1
4249,citracal,3
4250,chewable,3
4251,calcium,3
4252,vitamin,3
4253,krig,2
4254,linz,1
4255,speaks,2
4256,earnest,2
4257,zip,1
4258,lanny,1
4259,proved,1
4260,servant,1
4261,untimely,1
4262,sincere,3
4263,misused,1
4264,bolden,1
4265,sendin,1
4266,pump,1
4267,reloaded,1
4268,lenny,1
4269,dietitian,1
4270,nutritional,1
4271,devine,1
4272,guide,1
4273,enjoyed,1
4274,escape,1
4275,folk,1
4276,depane,1
4277,hp,1
4278,shelbey,2
4279,communicate,2
4280,ugly,1
4281,boundary,1
4282,symbol,1
4283,understated,1
4284,tolerant,1
4285,intolerant,1
4286,congregation,2
4287,kid,1
4288,inevitable,1
4289,literal,1
4290,lexington,1
4291,nicki,2
4292,faced,2
4293,organize,1
4294,incalculable,1
4295,reminder,1
4296,flock,1
4297,politest,1
4298,unsafe,2
4299,prayerful,1
4300,noose,1
4301,apartheid,1
4302,haiti,1
4303,ugliness,1
4304,cut,2
4305,stain,2
4306,dynamite,1
4307,disgust,1
4308,freddy,3
4309,stark,3
4310,faithful,3
4311,infect,2
4312,allergic,3
4313,cialis,3
4314,wesh,1
4315,focal,2
4316,gentlest,1
4317,nutrition,2
4318,unanimous,2
4319,hung,1
4320,vision,2
4321,freedom,1
4322,quality,1
4323,nelson,2
4324,missionary,2
4325,fored,1
4326,advil,2
4327,audible,3
4328,touched,1
4329,chapel,1
4330,impassion,1
4331,uncle,1
4332,mid,2
4333,poreworship,2
4334,robinson,1
4335,orangeberg,1
4336,atmospheric,1
4337,apprehended,2
4338,lester,1
4339,holt,1
4340,purposeful,1
4341,clergyman,1
4342,montana,1
4343,led,1
4344,yelled,1
4345,iow,1
4346,egyptian,1
4347,mystery,1
4348,spring,1
4349,recalled,2
4350,leer,2
4351,heated,3
4352,heft,2
4353,fetal,2
4354,jealous,1
4355,defund,2
4356,ax,2
4357,fodder,2
4358,clinton,2
4359,unravel,1
4360,underscored,2
4361,siege,1
4362,lewis,1
4363,fife,1
4364,leanne,1
4365,goodbye,1
4366,plann,2
4367,marc,1
4368,runeral,1
4369,form,3
4370,firps,1
4371,vt,2
4372,evangelical,4
4373,mega,2
4374,documentable,1
4375,quantifiable,1
4376,fueling,1
4377,understing,1
4378,tan,1
4379,inheard,1
4380,discourse,1
4381,goodday,4
4382,milk,1
4383,normalize,1
4384,rhimes,1
4385,vanderbilt,1
4386,seal,1
4387,continuum,1
4388,ener,1
4389,forefront,1
4390,reload,3
4391,lunging,2
4392,impulse,1
4393,incite,2
4394,legan,2
4395,slain,1
4396,leeann,2
4397,processed,1
4398,thousan,1
4399,combination,1
4400,gay,1
4401,ev,1
4402,traditional,1
4403,treacherous,1
4404,roornlgs,1
4405,narrative,1
4406,nern,1
4407,nnecti,1
4408,ointo,1
4409,wettest,2
4410,speeding,1
4411,vermont,1
4412,guinness,1
4413,undefeated,1
4414,bpy,1
4415,poorer,1
4416,tribune,1
4417,mccoy,1
4418,bushed,1
4419,energized,1
4420,cafeteria,1
4421,flourish,4
4422,tum,1
4423,putin,1
4424,hockey,4
4425,respected,2
4426,msnms,2
4427,debris,1
4428,monitor,2
4429,absorbs,2
4430,submachine,1
4431,tourist,3
4432,meeting,1
4433,erie,3
4434,fryer,1
4435,furthest,6
4436,hail,5
4437,underworld,1
4438,hysterical,1
4439,upgraded,2
4440,urgency,1
4441,gabby,1
4442,endure,1
4443,wheeled,1
4444,estranged,1
4445,offduty,1
4446,motivated,1
4447,object,1
4448,aim,2
4449,besides,1
4450,hectic,1
4451,bar,2
4452,sfeveral,2
4453,survival,3
4454,knowledgeable,1
4455,ricochet,1
4456,tha,1
4457,grave,1
4458,eager,1
4459,lease,1
4460,figuring,1
4461,skms,1
4462,born,2
4463,measurement,1
4464,camp,1
4465,leaving,1
4466,atmosphere,2
4467,recall,2
4468,accord,2
4469,overstate,1
4470,squad,3
4471,contrarian,1
4472,sect,1
4473,psychologic,1
4474,peak,1
4475,si,1
4476,commonplace,1
4477,tactician,1
4478,asking,1
4479,guthrie,2
4480,elective,1
4481,basically,1
4482,creep,1
4483,shoulder,2
4484,upshot,2
4485,andth,1
4486,crafty,1
4487,pyramid,2
4488,luxor,1
4489,print,1
4490,stiffer,2
4491,fundamental,1
4492,tied,1
4493,suicidal,3
4494,happiness,1
4495,rethought,1
4496,album,1
4497,box,1
4498,chatter,1
4499,remain,1
4500,destroy,1
4501,made,1
4502,endear,1
4503,undetected,2
4504,narrating,1
4505,joyous,1
4506,lvlar,1
4507,luggage,1
4508,elevator,1
4509,dalanian,1
4510,hop,1
4511,venetian,1
4512,preparedness,1
4513,adjust,1
4514,reflective,2
4515,gishlgs,1
4516,elapsed,1
4517,agitated,1
4518,fairest,1
4519,verbalial,1
4520,impromptu,1
4521,underscoring,1
4522,haurd,1
4523,daylight,2
4524,chime,1
4525,stood,1
4526,plausible,2
4527,popularity,2
4528,smelled,1
4529,outreach,1
4530,manny,1
4531,rican,2
4532,continental,2
4533,eflt,1
4534,podium,1
4535,mauch,1
4536,goe,1
4537,combined,1
4538,endured,2
4539,link,1
4540,grizzly,1
4541,pri,1
4542,cal,1
4543,tur,1
4544,cab,2
4545,gi,1
4546,slotman,1
4547,tallest,2
4548,posed,1
4549,participated,1
4550,schedule,1
4551,gq,1
4552,wfprima,1
4553,euphoric,1
4554,web,2
4555,jolean,1
4556,kent,3
4557,deeply,1
4558,storme,2
4559,empathy,2
4560,essence,1
4561,invited,2
4562,hoist,2
4563,nicolle,3
4564,aud,2
4565,category,2
4566,dominated,1
4567,sirius,1
4568,advocated,1
4569,briefing,3
4570,exhibit,2
4571,encourage,3
4572,fireman,1
4573,drag,1
4574,interspersed,2
4575,ho,3
4576,mccarron,1
4577,gofundme,1
4578,uncomfortable,2
4579,settle,2
4580,included,1
4581,unsung,2
4582,nova,1
4583,aura,1
4584,presume,1
4585,edge,1
4586,lyft,1
4587,noise,1
4588,dozen,1
4589,sell,1
4590,matched,1
4591,hungry,4
4592,psychopathic,2
4593,stormed,1
4594,yard,1
4595,quickest,2
4596,hallie,2
4597,jackson,2
4598,compare,1
4599,heater,1
4600,delusional,3
4601,scramble,1
4602,delivered,1
4603,phoenix,1
4604,porcher,1
4605,musician,1
4606,alarm,1
